filmoseq,actorseq,seq,filmorole,filmopart
1,1,1,마석도,주연
2,2,1,강해상,주연
3,3,1,전일만,주연
4,4,1,장이수,출연
5,5,1,오동균,출연
6,6,1,강홍석,출연
7,7,1,김상훈,출연
8,8,1,최춘백,출연
9,9,1,김인숙,출연
10,10,1,박영사,출연
11,11,1,장기철,출연
12,12,1,장순철,출연
13,13,1,두익,출연
14,14,1,유종훈,출연
15,15,1,이종두,출연
16,16,1,김기백,출연
17,17,1,최용기,출연
18,18,1,박실장,출연
19,19,1,사마귀,출연
20,20,1,은갈치,출연
21,21,1,라꾸,출연
22,22,1,까불이,출연
23,23,1,베트남 형사 트란,출연
24,24,1,애꾸선장,출연
25,25,1,식용유,출연
26,26,1,짱구,출연
27,27,1,슈퍼 여대생,출연
28,28,1,슈퍼 주인,출연
29,29,1,여비서,출연
30,30,1,화교 살수1,출연
31,31,1,화교 살수2,출연
32,32,1,미얀마 살수1,출연
33,33,1,미얀마 살수2,출연
34,34,1,미얀마 살수3,출연
35,35,1,미얀마 살수4,출연
36,36,1,공항 택시기사,출연
37,37,1,외사과 간부,출연
38,38,1,베트남 도박장 건달1,출연
39,39,1,금천경찰서장,특별출연
40,40,1,휘발유,특별출연
41,41,2,아이스맨,주연
42,42,2,혼도,주연
43,43,2,사이클론,주연
44,44,2,월록,출연
45,45,2,피닉스,출연
46,46,2,밥,출연
47,47,2,페이백,출연
48,48,2,팬보이,출연
49,49,2,행맨,출연
50,50,2,프리츠,출연
51,51,2,헤일로,출연
52,52,2,코요테,출연
53,53,2,하버드,출연
54,54,2,예일,출연
55,55,2,사라,출연
56,56,2,케인 해군 소장,출연
57,57,2,아멜리아,출연
58,58,2,오마하,출연
59,59,3,제이크,주연
60,60,3,네이티리,주연
61,61,3,키리,주연
62,62,3,쿼리치,주연
63,63,3,로날,주연
64,64,3,토노와리,출연
65,65,3,노엄,출연
66,66,3,모아트,출연
67,67,3,아드모어 장군,출연
68,68,3,스코어스비,출연
69,69,3,가빈 박사,출연
70,70,3,네테이엄,출연
71,71,3,로아크,출연
72,72,3,투크,출연
73,73,3,스파이더,출연
74,74,3,츠이레야,출연
75,75,3,아오눙,출연
76,76,3,로초,출연
77,77,3,파커,출연
78,78,3,어린 로아크,출연
79,79,4,이순신,주연
80,80,4,와키자카,주연
81,81,4,어영담,주연
82,82,4,원균,주연
83,83,4,준사,주연
84,84,4,가토,주연
85,85,4,정보름,출연
86,86,4,임준영,출연
87,87,4,이억기,출연
88,4,4,나대용,출연
89,89,4,마나베 사마노조,출연
90,90,4,구로다 칸베에,출연
91,91,4,이운룡,출연
92,92,4,와타나베 시치에몬,출연
93,93,4,와키자카 사헤에,출연
94,94,4,정운,출연
95,95,4,송희립,출연
96,96,4,구키 요시타카,출연
97,97,4,황박,출연
98,98,4,이언량,출연
99,99,4,김완,출연
100,100,4,신호,출연
101,101,4,권준,출연
102,102,4,이기남,출연
103,103,4,정담,출연
104,104,4,고바야키와 다카카케,출연
105,105,4,김천손,출연
106,106,4,이영남,출연
107,107,4,이봉수,출연
108,108,4,이광,출연
109,109,4,권율,출연
110,110,4,의병장,출연
111,111,4,어영담부장,출연
112,112,4,안코쿠지,출연
113,113,4,,출연
114,114,4,,출연
115,115,4,,출연
116,116,4,,출연
117,117,4,,출연
118,118,4,권율부장,출연
119,119,4,기생7,출연
120,120,4,,출연
121,121,4,사헤에첩보대7,출연
122,122,4,사헤에첩보대1(사헤에부장),출연
123,123,4,도도 다카도라,출연
124,124,4,초계변씨(이순신 모),출연
125,125,5,림철령,주연
126,126,5,강진태,주연
127,127,5,박민영,주연
128,128,5,잭,주연
129,129,5,장명준,주연
130,130,5,박소연,출연
131,91,5,박상위,출연
132,132,5,김상사,출연
133,133,5,김철수,출연
134,134,5,강연아,출연
135,135,5,원형술,출연
136,136,5,김정택,출연
137,137,5,표반장,출연
138,138,5,서형사,출연
139,139,5,오덕,출연
140,140,5,종구,출연
141,141,5,양복쟁이,출연
142,142,5,선호,출연
143,143,5,조사장,출연
144,144,5,,출연
145,145,5,보이스피싱팀원1,출연
146,146,5,보이스피싱팀장,출연
147,147,5,보이스피싱팀원2,출연
148,148,5,세르게이,특별출연
149,149,5,한광성,특별출연
150,150,6,닥터 스트레인지,주연
151,151,6,완다 막시모프/스칼렛 위치,주연
152,152,6,웡,출연
153,153,6,아메리카 차베즈,출연
154,154,6,모르도,출연
155,155,6,크리스틴 팔머,출연
156,156,6,,출연
157,157,6,,출연
158,158,6,,출연
159,159,6,,출연
160,160,6,,출연
161,161,7,박평호,주연
162,162,7,김정도,주연
163,163,7,방주경,주연
164,164,7,장철성,주연
165,165,7,조유정,주연
166,166,7,안부장,주연
167,167,7,양보성,주연
168,168,7,운반자,출연
169,169,7,천보산,출연
170,170,7,표동호,출연
171,171,7,강부장,출연
172,172,7,정도 아내,출연
173,132,7,보안사,출연
174,174,7,김순식 장군,출연
175,175,7,남한 대통령,출연
176,176,7,CIA 지부장,출연
177,177,7,신기철,출연
178,178,7,강기자,출연
179,179,7,목성사 사내2,출연
180,180,7,목성사 사내4,출연
181,12,7,국내팀 요원1,출연
182,182,7,강령군 북한군10,출연
183,183,7,강령군 북한군12,출연
184,184,7,동경지부 요원6,출연
185,185,7,강령군 북한군1,출연
186,186,7,강령군 북한군2,출연
187,187,7,목성사 소각 남직원,출연
188,188,7,해외팀 요원2,출연
189,189,7,정도 둘째 아들,출연
190,190,7,CIA 요원1,출연
191,191,7,동경지부요원1,우정출연
192,192,7,동경지부요원2,우정출연
193,193,7,동경지부요원3,우정출연
194,194,7,동경지부요원4,우정출연
195,195,7,리중좌,우정출연
196,196,7,조원식,우정출연
197,197,7,최대표,우정출연
198,198,8,천경수,주연
199,126,8,인조,주연
200,200,8,이형익,출연
201,201,8,최대감,출연
202,202,8,만식,출연
203,203,8,소현세자,출연
204,204,8,소용조씨,출연
205,205,8,강빈,출연
206,10,8,석철,출연
207,207,8,서상궁,출연
208,208,8,내금위장,출연
209,101,8,청사신,출연
210,210,8,최상궁,출연
211,211,8,선배의원,출연
212,212,8,대신1,출연
213,36,8,침맞는내관,출연
214,112,8,경수인솔별감1,출연
215,215,8,사내1,출연
216,216,8,,출연
217,217,8,강빈(세자)궁녀1,출연
218,218,8,선생,출연
219,219,9,오웬 그래디,주연
220,220,9,클레어 디어링,주연
221,221,9,엘리 새틀러,출연
222,222,9,앨런 그랜트,출연
223,223,9,이안 말콤,출연
224,224,9,케일라 와츠,출연
225,225,9,램지 콜,출연
226,226,9,메이지 록우드,출연
227,227,9,루이스 독슨,출연
228,228,9,헨리 우 박사,출연
229,229,9,배리 섬벤,출연
230,230,9,,출연
231,231,9,,출연
232,232,9,,출연
233,233,9,,출연
234,234,9,,출연
235,235,9,,출연
236,236,9,,출연
237,237,10,소녀,주연
238,238,10,경희,주연
239,239,10,조현,주연
240,240,10,용두,주연
241,241,10,대길,주연
242,242,10,백,주연
243,243,10,변박,출연
244,244,10,톰,출연
245,245,10,미영,출연
246,246,10,토우 여자1,출연
247,247,10,토우 여자2,출연
248,248,10,토우 여자3,출연
249,249,10,토우 미소년,출연
250,250,10,미영친구,출연
251,251,10,흉터소녀,출연
252,252,10,여자아이,출연
253,253,10,산월패션 남직원1,출연
254,254,10,조현 팀원1,출연
255,145,10,용두패2,출연
256,215,10,사내1,출연
257,257,10,토우 소녀,출연
258,258,10,장 수하2,출연
259,259,10,용두패7,출연
260,121,10,사내3,출연
261,261,10,양주임,출연
262,262,10,장,특별출연
263,263,10,자윤,특별출연
264,264,10,마트 행인,특별출연
265,265,11,토르,주연
266,266,11,마이티 토르,주연
267,267,11,고르,주연
268,268,11,킹 발키리,주연
269,269,11,코르그 (목소리),주연
270,270,11,제우스,출연
271,271,11,시프,출연
272,272,11,피터 퀼/스타로드,출연
273,273,11,드랙스,출연
274,274,11,네뷸라,출연
275,275,11,맨티스,출연
276,276,11,크래글린,출연
277,277,11,그루트 (목소리),출연
278,278,11,로켓 (목소리),출연
279,279,11,,출연
280,280,11,,출연
281,281,11,,출연
282,282,12,그루 (목소리),주연
283,283,12,벨 바텀 (목소리),주연
284,284,12,마스터 초우 (목소리),주연
285,285,12,밥/케빈/스튜어트/미니언즈 (목소리),주연
286,286,12,넌척 (목소리),주연
287,287,12,장 클로드 (목소리),주연
288,288,12,말레나 그루 (목소리),출연
289,289,12,스벤전스 (목소리),출연
290,290,12,스트롱홀드 (목소리),출연
291,291,12,와일드 너클스 (목소리),출연
292,292,12,네파리오 박사 (목소리),출연
293,293,12,(목소리),출연
294,294,13,슈리,주연
295,295,13,나키아,주연
296,296,13,오코예,주연
297,297,13,음바쿠,출연
298,298,13,라몬다,출연
299,299,13,네이머,출연
300,300,13,에버렛 로스,출연
301,301,13,리리,출연
302,302,13,아요,출연
303,303,13,아네카,출연
304,304,13,아투마,출연
305,305,13,나모라,출연
306,306,13,,출연
307,307,13,,출연
308,308,13,,출연
309,309,13,,출연
310,310,13,,출연
311,311,13,,출연
312,312,14,인호,주연
313,313,14,재현,주연
314,314,14,숙희,주연
315,193,14,현수,주연
316,316,14,진석,주연
317,317,14,희진,주연
318,318,14,태수,주연
319,319,14,혜윤,출연
320,108,14,박윤철,출연
321,124,14,한박사,출연
322,322,14,임태은 승무원,출연
323,323,14,구민정,출연
324,324,14,박수민,출연
325,325,14,미량,출연
326,168,14,원동연 기장,출연
327,327,14,박시영 승무원,출연
328,132,14,종수,출연
329,329,14,장영석 기장,출연
330,177,14,윤석,출연
331,331,14,청와대 안보실장,출연
332,332,14,석필호,출연
333,333,14,백장관 보건 복지부 장관,출연
334,334,14,오성훈,출연
335,335,14,혜윤친구들,출연
336,37,14,건설사 출장 직원,출연
337,337,14,취업기념 여행자,출연
338,338,14,백장관 보자관,출연
339,179,14,도쿄 관제소 팀장,출연
340,340,14,도쿄 관제소 팀원,출연
341,341,14,윤석 가족,출연
342,342,14,승무원 동생,출연
343,343,14,외국인 커플,출연
344,344,14,취업기념 여행자,출연
345,345,14,시위대,출연
346,346,14,골프회원,출연
347,347,14,골프회원,출연
348,348,14,NSC 앞 기자,출연
349,349,14,브리콤 경비,출연
350,185,14,관제탑 군인,출연
351,351,14,관제팀장2,출연
352,19,14,관제팀원,출연
353,353,14,대응팀 질본위,출연
354,354,14,골프회원,출연
355,355,14,여고생 가족,출연
356,356,14,다이빙 동호회,출연
357,357,14,골프회원,출연
358,358,14,혜윤친구들,출연
359,359,14,비행감시팀장,출연
360,360,14,뉴스 앵커,특별출연
361,361,15,피터 파커/스파이더맨,주연
362,362,15,MJ,주연
363,150,15,닥터 스트레인지,출연
364,364,15,네드 리즈,출연
365,365,15,해피 호건,출연
366,366,15,맥스 딜런/일렉트로,출연
367,367,15,노먼 오스본/그린 고블린,출연
368,368,15,오토 옥타비우스/닥터 옥토퍼스,출연
369,152,15,웡,출연
370,370,15,플래시 톰슨,출연
371,371,15,메이 파커,출연
372,372,15,피터 파커/스파이더맨,출연
373,373,15,피터 파커/스파이더맨,출연
374,374,15,베티 브랜트,출연
375,375,15,클리어리 요원,출연
376,376,15,MIT 부총장,출연
377,377,15,윌슨,출연
378,378,15,해링턴,출연
379,379,15,델,출연
380,380,15,J. 조나 제임슨,출연
381,381,15,커트 코너스 박사/리저드,출연
382,382,15,맷 머독,출연
383,383,15,,출연
384,384,16,천우,주연
385,385,16,용호,주연
386,11,16,강대위,출연
387,387,16,연희,출연
388,388,16,승일,출연
389,389,16,만철,출연
390,390,16,철진,출연
391,391,16,이벤트남,출연
392,392,16,보급관,출연
393,40,16,김광철,출연
394,97,16,대대장,출연
395,395,16,신병,출연
396,396,16,하중사,출연
397,182,16,북한군들,출연
398,398,16,이벤트걸1,출연
399,399,16,최영철,출연
400,79,17,해준,주연
401,401,17,서래,주연
402,402,17,정안,주연
403,384,17,수완,출연
404,404,17,연수,출연
405,405,17,월요일 할머니,출연
406,406,17,기도수,출연
407,407,17,철성,출연
408,408,17,미지,출연
409,409,17,이지구,출연
410,410,17,PC방 알바,출연
411,411,17,장하주,출연
412,412,17,산악구조대,출연
413,413,17,응급실 의사,출연
414,414,17,[흰꽃] 무녀,출연
415,415,17,[흰꽃] 류선생,출연
416,416,17,간병업체실장,출연
417,417,17,계봉석,출연
418,418,17,의경,출연
419,419,17,서장,출연
420,420,17,서래엄마,출연
421,421,17,심사국장,출연
422,422,17,강력1팀장,출연
423,423,17,오가인,출연
424,424,17,수면클리닉의사,출연
425,425,17,자라아줌마,출연
426,426,17,[적색비상] 지민,출연
427,101,17,[적색비상] 고빈,출연
428,428,17,이포 형사1,출연
429,429,17,이포 형사2,출연
430,429,17,이포 형사2,출연
431,431,17,증인 커플녀,출연
432,432,17,증인 커플남,출연
433,433,17,발전소직원1,출연
434,434,17,발전소직원1,출연
435,26,17,경찰청 조사관,출연
436,436,17,철성친구1,출연
437,437,17,철성친구3,출연
438,438,17,임호신,특별출연
439,439,17,홍산오,특별출연
440,440,17,이주임,특별출연
441,198,18,무륵,주연
442,442,18,가드/썬더,주연
443,443,18,이안 말콤,주연
444,444,18,문도석,주연
445,445,18,흑설,주연
446,192,18,청운,주연
447,447,18,자장/의사,주연
448,448,18,민개인,출연
449,449,18,우왕,출연
450,450,18,좌왕,출연
451,106,18,썬더비행체,출연
452,452,18,어린이안,출연
453,453,18,개똥이,출연
454,40,18,무당도사/외계로봇목소리,출연
455,455,18,살인귀,출연
456,456,18,삼식이,출연
457,457,18,동료의사,출연
458,458,18,모당도사2,출연
459,459,18,민선,출연
460,460,18,어린무륵,출연
461,461,18,물안개주막주모,출연
462,462,18,교장,출연
463,463,18,최대감,출연
464,464,18,신부,출연
465,465,18,아기 이안,출연
466,466,18,아기이안,출연
467,96,18,물안개주막노인,출연
468,468,18,지산병원/하바도심,출연
469,469,18,기자,출연
470,12,18,도둑,출연
471,471,18,이안신고경찰/청지기밀본도사,출연
472,359,18,최대감댁 청지기,출연
473,473,18,밀본노파,특별출연
474,197,18,현감,특별출연
475,475,18,홍언년,특별출연
476,476,19,안중근,주연
477,477,19,설희,주연
478,478,19,조마리아,주연
479,89,19,우덕순,주연
480,480,19,조도선,주연
481,481,19,유동하,주연
482,482,19,마진주,주연
483,483,19,최지용,출연
484,484,19,이토 히로부미,출연
485,146,19,와다,출연
486,486,19,치바,출연
487,487,19,다이스케,출연
488,488,19,어린 의용군,출연
489,489,19,궁녀,출연
490,490,19,궁녀,출연
491,491,19,안정근,출연
492,337,19,일본포로,출연
493,493,19,안현생,출연
494,494,19,특별열차 경비,출연
495,192,19,마두식,특별출연
496,130,19,김아려,특별출연
497,497,19,명성황후,특별출연
498,498,20,무치,주연
499,499,20,해랑,주연
500,500,20,막이,주연
501,501,20,부흥수,주연
502,502,20,해금,출연
503,503,20,한궁,출연
504,504,20,강섭,출연
505,4,20,아귀,출연
506,402,20,앵두,출연
507,91,20,망초,출연
508,508,20,,출연
509,509,20,곰치,출연
510,510,20,이방원,출연
511,511,20,평양상인,출연
512,512,20,,특별출연
513,513,20,,특별출연
514,312,21,상현,주연
515,515,21,동수,주연
516,516,21,수진,주연
517,517,21,소영,주연
518,518,21,이형사,주연
519,519,21,미숙,출연
520,520,21,윤아,출연
521,521,22,,주연
522,522,22,,주연
523,523,22,,주연
524,524,22,,주연
525,525,22,,주연
526,526,22,,주연
527,527,22,,출연
528,528,22,,출연
529,529,22,,출연
530,530,22,,출연
531,531,22,,출연
532,532,23,가아진봉,주연
533,445,23,오세연,주연
534,387,23,여고생 세연,출연
535,535,23,박정우,출연
536,464,23,여고생 현정,출연
537,537,23,강서진,출연
538,538,23,강예진,출연
539,539,23,목포사진관 주인,출연
540,540,23,민정엄마,출연
541,541,23,,출연
542,542,23,최씨 할아버지,특별출연
543,543,23,진봉 부,특별출연
544,544,23,진봉 모,특별출연
545,545,23,동탄집 아줌마,특별출연
546,166,23,목포고 당직교사,특별출연
547,547,23,사무장,특별출연
548,548,23,현정,특별출연
549,549,23,정아,특별출연
550,550,23,예진 담임선생님,특별출연
551,551,24,브루스 웨인 / 배트맨,주연
552,552,24,에드워드 내쉬턴 / 리들러,출연
553,553,24,셀리나 카일 / 캣우먼,출연
554,554,24,오스왈드 코블팟 / 펭귄,출연
555,555,24,알프레드 페니워스,출연
556,556,24,제임스 고든,출연
557,557,24,길 콜슨,출연
558,558,24,,출연
559,559,24,,출연
560,560,25,강도영,주연
561,262,25,전태성,주연
562,562,25,오대오,주연
563,563,25,차영한,주연
564,564,25,강설영,주연
565,149,25,노정섭,주연
566,566,25,김유택,출연
567,567,25,조리장,출연
568,568,25,강설영,출연
569,569,25,이준위,출연
570,570,25,국방부장관,출연
571,571,25,김소위,출연
572,572,25,수영,출연
573,573,25,승조원5,출연
574,574,25,승조원9,출연
575,575,25,승조원12,출연
576,576,25,승조원18,출연
577,577,25,성우,출연
578,578,25,황영우,특별출연
579,579,25,전태룡,특별출연
580,580,25,한미녀,특별출연
581,172,25,주임,우정출연
582,582,26,주상숙,주연
583,583,26,박희철,주연
584,456,26,봉만식,주연
585,407,26,조태주,주연
586,482,26,봉만순,주연
587,587,26,시어머니,출연
588,588,26,고건식,출연
589,589,26,박권자,출연
590,590,26,권자남편,출연
591,591,26,이연미,출연
592,592,26,남승호,출연
593,593,26,협약식사회자,출연
594,469,26,김기자,출연
595,595,26,수간호사,출연
596,596,26,주무관4,출연
597,597,26,해변쓰레기 목격자,출연
598,598,26,강연준,특별출연
599,599,26,대통령,특별출연
600,600,26,림선희,특별출연
601,601,26,김지성,특별출연
602,602,26,김준영,우정출연
603,603,26,윤사봉,우정출연
604,478,26,김옥희,우정출연
605,605,27,버스터 문 (목소리),주연
606,606,27,로지타 (목소리),주연
607,607,27,애쉬 (목소리),주연
608,608,27,조니 (목소리),주연
609,609,27,미나 (목소리),주연
610,610,27,포르쉐 (목소리),출연
611,611,27,알폰소 (목소리),출연
612,612,27,클레이 (목소리),출연
613,613,27,미스 크롤리 (목소리),출연
614,614,28,노하라 신노스케(짱구) (일본어 목소리),주연
615,615,28,노하라 미사에(짱구 엄마) (일본어 목소리),주연
616,616,28,노하라 히로시(짱구 아빠) (일본어 목소리),주연
617,617,28,노하라 히마와리(짱아) (일본어 목소리),주연
618,618,28,아츠키 치시오 (일본어 목소리),출연
619,619,28,마메자와 사스가 (일본어 목소리),출연
620,620,28,학원장 (일본어 목소리),출연
621,621,28,노로로 (일본어 목소리),출연
622,622,28,싸움대장 (일본어 목소리),출연
623,623,28,와키노 스미코 (일본어 목소리),출연
624,624,28,오츠문 (일본어 목소리),출연
625,625,28,아게하 (일본어 목소리),출연
626,626,28,천재 유투버 후와짱 (일본어 목소리),출연
627,627,29,블랙 아담,주연
628,628,29,알 로스스타인/아톰 스마셔,주연
629,629,29,페이트 박사/켄트 넬슨,주연
630,630,29,맥신 혼켈/사이클론,주연
631,631,29,카터 홀/호크맨,주연
632,632,29,아드리아나 토마즈/아이시스,주연
633,633,29,,출연
634,634,29,,출연
635,635,29,,출연
636,636,29,아만다/윌러,출연
637,637,29,,출연
638,638,30,김운범,주연
639,639,30,서창대,주연
640,197,30,김영호,출연
641,192,30,이실장,출연
642,642,30,강인상,출연
643,137,30,이한상,출연
644,504,30,박비서,출연
645,136,30,이보자관,출연
646,239,30,수연,출연
647,599,30,대통령,출연
648,456,30,김부장,출연
649,141,30,정현,출연
650,650,30,명숙,출연
651,170,30,김병찬,출연
652,354,30,윤비서,출연
653,463,30,만담남,출연
654,23,30,운동원1,출연
655,655,30,운동원3,출연
656,656,30,운동원5,출연
657,657,30,11세 창대아들,출연
658,658,30,목포 집주인1,출연
659,659,30,이희란,출연
660,129,30,오프닝농부,출연
661,661,30,운동원7,출연
662,662,30,운동원8,출연
663,663,30,강교수,출연
664,664,30,목포항 담배아들,출연
665,444,31,유민호,주연
666,666,31,이희정,주연
667,667,31,김세희,출연
668,668,31,한영석,출연
669,669,31,장태수,출연
670,670,31,프런트직원,출연
671,671,31,한선재,출연
672,672,31,이지연,출연
673,673,31,강형사,출연
674,674,31,김형사,출연
675,675,31,김형사,출연
676,468,31,시상식손님,출연
677,677,31,시상식손님,출연
678,678,31,양신애,특별출연
679,361,32,네이선,주연
680,680,32,설리,주연
681,681,32,몬카다,출연
682,682,32,클로이,출연
683,683,32,브래독,출연
684,684,32,,출연
685,685,32,,출연
686,686,32,,출연
687,687,33,박강윤,주연
688,688,33,최민재,주연
689,689,33,황인호,주연
690,690,33,나영빈,주연
691,690,33,나영빈,주연
692,692,33,서중호,출연
693,693,33,,출연
694,694,33,,출연
695,695,33,,출연
696,696,33,,출연
697,697,33,,출연
698,698,33,,출연
699,699,33,,출연
700,700,33,,출연
701,95,33,,출연
702,702,33,,출연
703,703,33,,출연
704,704,33,,출연
705,8,33,,출연
706,706,33,,출연
707,707,33,응급대원,출연
708,36,33,투자자들2,출연
709,38,33,하우스기도1,출연
710,710,33,한팀원1,출연
711,711,33,차부하1,출연
712,712,33,권부하2,출연
713,713,34,카미야 토루,주연
714,714,34,히노 마오리,주연
715,715,34,와타야 이즈미,출연
716,716,34,마미야 사나에,출연
717,717,34,히노 코지,출연
718,718,34,히노 케이코,출연
719,719,34,카미야 유키히코,출연
720,720,34,,출연
721,721,34,,출연
722,722,34,,출연
723,723,35,옷코츠 유타 (목소리),주연
724,724,35,오리모토 리카 (목소리),주연
725,725,35,젠인 마키 (목소리),출연
726,726,35,이누마키 토게 (목소리),출연
727,727,35,판다 (목소리),출연
728,728,35,고죠 사토루 (목소리),출연
729,729,35,게토 스구루 (목소리),출연
730,730,35,(목소리),출연
731,731,35,(목소리),출연
732,732,35,(목소리),출연
733,733,35,(목소리),출연
734,734,35,(목소리),출연
735,735,35,(목소리),출연
736,736,35,(목소리),출연
737,737,35,(목소리),출연
738,738,35,(목소리),출연
739,739,35,(목소리),출연
740,740,35,(목소리),출연
741,741,35,(목소리),출연
742,742,35,(목소리),출연
743,743,35,(목소리),출연
744,744,35,(목소리),출연
745,745,35,(목소리),출연
746,746,35,(목소리),출연
747,747,35,(목소리),출연
748,748,35,(목소리),출연
749,1,36,대국,주연
750,750,36,지우,주연
751,751,36,미정,출연
752,752,36,태천,출연
753,753,36,왕회장 통역,출연
754,754,36,황박사,출연
755,710,36,중국집 남종업원,출연
756,469,36,기자3,출연
757,757,36,규옥,특별출연
758,758,37,(한국어 목소리),주연
759,759,37,(한국어 목소리),주연
760,760,37,사토시 (일본어 목소리),주연
761,761,37,피카츄 (일본어 목소리),주연
762,762,37,카스미 (일본어 목소리),주연
763,763,37,타케시 (일본어 목소리),주연
764,764,37,제로 (일본어 목소리),출연
765,765,37,폿챠마 (일본어 목소리),출연
766,766,37,무사시 (일본어 목소리),출연
767,741,37,코지로 (일본어 목소리),출연
768,768,37,냐스 (일본어 목소리),출연
769,769,37,오키토 박사 (일본어 목소리),출연
770,732,37,,출연
771,771,37,,출연
772,772,37,,출연
773,773,38,이학성,주연
774,774,38,한지우,주연
775,563,38,김근호,출연
776,318,38,안기철,출연
777,205,38,박보람,출연
778,19,38,국정원 조사관,출연
779,779,39,에도가와 코난 (일본어 목소리),주연
780,780,39,모리 란 (일본어 목소리),주연
781,781,39,모리 코고로 (일본어 목소리),주연
782,782,39,아무로 토오루 (일본어 목소리),출연
783,783,39,코지마 겐타 (일본어 목소리),출연
784,784,39,사토 미와코 (일본어 목소리),출연
785,785,39,엘레니카 러브렌치예바 (일본어 목소리),출연
786,786,40,김용,주연
787,787,40,김모늬,주연
788,788,40,서한솔,주연
789,789,40,오영지,주연
790,790,40,김은성,주연
791,791,40,주근태,출연
792,792,40,박남해,출연
793,793,40,박만수,출연
794,794,40,이유진,출연
795,795,40,선주,출연
796,796,40,한여름,출연
797,797,40,술집 직원,출연
798,798,41,모비우스,주연
799,799,41,마일로,출연
800,800,41,마르틴,출연
801,801,41,,출연
802,802,41,,출연
803,803,41,,출연
804,804,42,박종두,주연
805,805,42,이도일,주연
806,3,42,알파,주연
807,508,42,오대웅,주연
808,808,42,이석우,주연
809,809,42,이다연,주연
810,547,42,고건배,주연
811,130,42,최명주,주연
812,812,42,손수철,주연
813,813,42,이경호,주연
814,814,42,,출연
815,815,42,김규태,출연
816,816,42,송은지,출연
817,817,42,형사 (이웅재),출연
818,818,42,형사 (김진석),출연
819,12,42,형사 (박재우),출연
820,820,42,형사 (남현수),출연
821,821,42,형사 (박무택),출연
822,822,42,형사 (김우진),출연
823,823,42,형사 (김재명),출연
824,824,42,형사 (오장훈),출연
825,825,42,형사 (홍진성),출연
826,826,42,형사 (김원호),출연
827,827,42,형사 (이덕수),출연
828,828,42,형사 (임도철),출연
829,139,42,형사 (서태식),출연
830,830,42,형사 (김희열),출연
831,831,42,여형사 (조수진),출연
832,832,42,범죄자 (최영달),출연
833,833,42,범죄자 (장인구),출연
834,834,42,범죄자 (오덕수),출연
835,835,42,범죄자 (구병태),출연
836,258,42,범죄자 (박상만),출연
837,837,42,여범죄자 (윤혜라),출연
838,838,42,조직원 (최석진),출연
839,839,42,일본군 요시무라 중장,출연
840,840,42,표이사,우정출연
841,841,42,사마귀,우정출연
842,842,42,형사 (정필성),우정출연
843,690,42,헬기 무장직원 팀장,우정출연
844,844,42,조직원 (진강우),우정출연
845,845,42,피어싱,우정출연
846,846,42,,우정출연
847,847,43,뽀로로 (목소리),주연
848,848,43,크롱 (목소리),주연
849,849,43,에디 (목소리),주연
850,850,43,루피 (목소리),주연
851,851,43,패티 (목소리),주연
852,852,43,해리 (목소리),주연
853,853,43,포비 (목소리),주연
854,854,43,꼬마아서/내레이션 (목소리),주연
855,855,43,게드 (목소리),주연
856,856,43,볼트 (목소리),주연
857,857,43,캡틴 (목소리),주연
858,858,43,아서 드래곤 (목소리),주연
859,859,44,은하,주연
860,860,44,조경필,주연
861,447,44,백사장,주연
862,862,44,서원,주연
863,863,44,두식,출연
864,548,44,한과장,출연
865,865,44,아시프,출연
866,5,44,상훈,출연
867,867,44,우실장,출연
868,868,44,김씨,출연
869,869,44,영길,출연
870,26,44,오광,출연
871,207,44,지선,출연
872,872,44,성대표,출연
873,873,44,광수대2,출연
874,874,44,도박사이트 남직원,출연
875,875,44,앵벌남,특별출연
876,876,44,임기방,특별출연
877,877,44,마지막 특송 남,우정출연
878,638,45,강호창,주연
879,879,45,도지열,출연
880,880,45,송정욱,출연
881,881,45,건우엄마,출연
882,547,45,정선생,출연
883,883,45,박무택,출연
884,884,45,교장,출연
885,885,45,규범할머니,출연
886,886,45,이든엄마,출연
887,887,45,정욱엄마,출연
888,241,45,강한결,출연
889,889,45,김건우,출연
890,886,45,,출연
891,891,45,정이든,출연
892,139,45,판사,출연
893,893,46,OJ 헤이우드,주연
894,894,46,에메랄드 헤이우드,주연
895,895,46,리키 주프 박,주연
896,896,46,앤틀러스 홀스트,주연
897,897,46,엔젤,주연
898,898,46,,출연
899,899,46,,출연
900,900,46,,출연
901,196,47,한필주,주연
902,902,47,박인규,주연
903,903,47,김치덕,출연
904,673,47,강형사,출연
905,90,47,김무진,출연
906,906,48,옥스포드 공작,주연
907,907,48,콘래드,주연
908,908,48,폴리,출연
909,909,48,숄라,출연
910,381,48,라스푸틴,출연
911,911,49,울프 (목소리),주연
912,912,49,스네이크 (목소리),주연
913,913,49,샤크 (목소리),주연
914,914,49,피라냐 (목소리),주연
915,915,49,타란툴라 (목소리),주연
916,916,49,마멀레이드 교수 (목소리),출연
917,917,49,다이앤 폭싱턴 (목소리),출연
918,918,49,TMZ 기자 (목소리),출연
919,919,50,희수,주연
920,920,50,손영감,주연
921,200,50,용강,주연
922,922,50,철진,주연
923,845,50,아미,주연
924,924,50,양동,출연
925,925,50,인숙,출연
926,926,50,천달호,출연
